time,latitude,longitude,depth,mag,magType,nst,gap,dmin,rms,net,id,updated,place,type,horizontalError,depthError,magError,magNst,status,locationSource,magSource
2023-06-11T08:23:38.817Z,55.5229,-158.7736,16.6,2.5,ml,,,,0.13,ak,ak0237g1ypax,2023-06-11T08:25:34.203Z,"49 km SSE of Perryville, Alaska",earthquake,,0.3,,,automatic,ak,ak
2023-06-11T07:41:05.641Z,40.1334,40.9546,10,4.3,mb,52,57,0.369,0.72,us,us7000k7sb,2023-06-11T08:26:25.040Z,"23 km NNW of Ilıca, Turkey",earthquake,5.64,1.959,0.116,21,reviewed,us,us
2023-06-11T07:20:57.896Z,67.4526,-164.0943,10,2.7,mb_lg,24,205,0.755,0.44,us,us7000k7sa,2023-06-11T08:21:31.040Z,"35 km SSE of Kivalina, Alaska",earthquake,2.98,2.01,0.193,7,reviewed,us,us
2023-06-11T06:51:48.133Z,-2.9793,136.648,50.039,5,mww,86,55,4.077,0.62,us,us7000k7s6,2023-06-11T07:08:27.040Z,"134 km ENE of Nabire, Indonesia",earthquake,7.91,6.923,0.098,10,reviewed,us,us
2023-06-11T06:36:50.240Z,-24.1423,-67.1026,219.632,4.3,mb,18,87,1.542,0.57,us,us7000k7s0,2023-06-11T08:09:08.040Z,"80 km W of San Antonio de los Cobres, Argentina",earthquake,11.46,18.533,0.217,6,reviewed,us,us
2023-06-11T06:36:19.276Z,-5.7393,102.9267,31.384,4.8,mb,46,185,1.37,0.68,us,us7000k7s1,2023-06-11T06:54:05.040Z,"192 km S of Pagar Alam, Indonesia",earthquake,9.5,6.713,0.097,33,reviewed,us,us
2023-06-11T05:04:28.800Z,18.0381666666667,-66.6095,16.18,3.16,md,12,159,0.00556,0.16,pr,pr71413003,2023-06-11T05:22:13.090Z,"3 km NNE of Ponce, Puerto Rico",earthquake,0.7,0.49,0.10472074025201,11,reviewed,pr,pr
2023-06-11T04:57:55.822Z,-21.1401,-68.9302,109.468,4.4,mb,37,52,0.529,0.75,us,us7000k7rm,2023-06-11T05:23:29.040Z,"70 km W of Ollagüe, Chile",earthquake,5.41,6.704,0.095,32,reviewed,us,us
2023-06-11T04:47:46.501Z,55.6244,160.9293,133.075,4.2,mb,39,102,2.928,0.78,us,us7000k7rk,2023-06-11T05:13:18.040Z,"77 km S of Klyuchi, Russia",earthquake,11.24,9.576,0.067,62,reviewed,us,us
2023-06-11T04:42:02.153Z,37.7994,27.1915,10,4.1,mb,30,108,0.563,0.9,us,us7000k7rj,2023-06-11T08:13:34.108Z,"8 km SW of Kuşadası, Turkey",earthquake,4.19,1.94,0.214,6,reviewed,us,us
2023-06-11T03:56:59.210Z,-5.6977,152.0778,10,4.8,mb,31,90,6.11,1.01,us,us7000k7rd,2023-06-11T04:18:48.040Z,"151 km S of Kokopo, Papua New Guinea",earthquake,4.42,1.872,0.074,59,reviewed,us,us
2023-06-11T03:54:47.690Z,19.2096666666667,-67.9695,29.15,3.32,md,12,332,1.098,0.27,pr,pr71412978,2023-06-11T04:20:30.920Z,"83 km NNE of Punta Cana, Dominican Republic",earthquake,2.04,18.18,0.108446252317686,6,reviewed,pr,pr
2023-06-11T03:07:34.810Z,17.9251666666667,-66.9851666666667,7.59,2.51,md,4,242,0.1124,0.04,pr,pr71413023,2023-06-11T06:50:00.720Z,"8 km SE of La Parguera, Puerto Rico",earthquake,0.91,0.3,0.0684386027036497,3,reviewed,pr,pr
2023-06-11T02:58:01.652Z,46.2006,153.1275,10,5.2,mww,86,133,7.186,0.86,us,us7000k7qx,2023-06-11T03:27:26.040Z,"Kuril Islands",earthquake,9.58,1.885,0.098,10,reviewed,us,us
2023-06-11T02:11:53.520Z,17.9503333333333,-66.8465,13.55,2.51,md,7,208,0.03971,0.08,pr,pr71412968,2023-06-11T02:21:26.930Z,"5 km SE of Maria Antonia, Puerto Rico",earthquake,0.8,0.38,0.18110208788608,4,reviewed,pr,pr
2023-06-11T01:42:28.775Z,-0.0167,123.0862,150.802,4.8,mb,59,52,1.066,1.03,us,us7000k7qq,2023-06-11T02:00:22.040Z,"61 km S of Gorontalo, Indonesia",earthquake,5.55,5.511,0.065,75,reviewed,us,us
2023-06-11T01:34:41.202Z,12.4968,-88.8822,46.004,4.4,mb,30,194,1.21,0.82,us,us7000k7qj,2023-06-11T02:18:10.040Z,"94 km SSW of Puerto El Triunfo, El Salvador",earthquake,10.38,11.706,0.057,87,reviewed,us,us
2023-06-11T00:38:52.455Z,-26.3276,28.1388,10,5,mb,68,40,2.64,0.57,us,us7000k7q8,2023-06-11T08:51:43.182Z,"6 km SSE of Alberton, South Africa",earthquake,7.86,1.811,0.07,64,reviewed,us,us
2023-06-11T00:28:07.720Z,18.995,-66.4785,15.25,3.41,md,9,279,0.5174,0.44,pr,pr71412948,2023-06-11T00:48:37.410Z,"59 km N of Tierras Nuevas Poniente, Puerto Rico",earthquake,1.95,2.81,0.0806562745103576,4,reviewed,pr,pr
2023-06-11T00:25:05.721Z,51.8563,178.3222,121.795,4.3,ml,19,156,0.184,0.33,us,us7000k7q5,2023-06-11T05:36:55.968Z,"Rat Islands, Aleutian Islands, Alaska",earthquake,14.2,8.175,0.074,24,reviewed,us,us
2023-06-10T23:44:32.311Z,58.1118,-153.6444,46.4,3.1,ml,,,,0.62,ak,ak0237enhcfd,2023-06-11T00:00:56.040Z,"43 km W of Aleneva, Alaska",earthquake,,1,,,automatic,ak,ak
2023-06-10T23:32:58.802Z,-6.6466,129.8322,148.978,4.5,mb,33,54,2.111,0.46,us,us7000k7pz,2023-06-10T23:54:30.040Z,"Banda Sea",earthquake,9.36,8.702,0.113,23,reviewed,us,us
2023-06-10T22:32:09.710Z,18.8983,-68.5478,27,3.69,md,15,159,0.4189,0.64,pr,pr2023161001,2023-06-10T23:11:12.040Z,"30 km NNE of Otra Banda, Dominican Republic",earthquake,2.08,8.99,0.12,8,reviewed,pr,pr
2023-06-10T22:21:44.774Z,-23.5605,-179.8783,518.463,4.5,mb,51,97,4.938,0.48,us,us7000k7pp,2023-06-10T22:52:41.040Z,"",earthquake,13.1,8.041,0.041,179,reviewed,us,us
2023-06-10T21:20:04.540Z,36.5236664,-121.1538315,-0.07,2.91,md,41,99,,0.18,nc,nc73899691,2023-06-10T23:50:11.691Z,"1km SW of Pinnacles, CA",earthquake,0.31,1.41,0.09,58,automatic,nc,nc
2023-06-10T21:13:38.718Z,59.9211,-151.8156,52.6,3.2,ml,,,,0.29,ak,ak0237em3ui7,2023-06-11T00:22:02.713Z,"Kenai Peninsula, Alaska",earthquake,,0.5,,,automatic,ak,ak
2023-06-10T20:26:04.201Z,10.5721,126.1978,51.685,4.5,mb,34,132,21.941,0.46,us,us7000k7pd,2023-06-10T20:55:46.040Z,"57 km SE of Sulangan, Philippines",earthquake,13.11,4.443,0.113,25,reviewed,us,us
2023-06-10T19:55:33.170Z,-55.9331,-27.9092,101.335,4.6,mb,20,67,5.195,0.63,us,us7000k7pb,2023-06-10T21:03:29.040Z,"South Sandwich Islands region",earthquake,11.23,7.462,0.129,18,reviewed,us,us
2023-06-10T19:45:01.035Z,66.1382,-143.3499,0,3.1,ml,,,,1.11,ak,ak0237el3rav,2023-06-10T21:13:01.040Z,"northern Alaska",earthquake,,0.4,,,automatic,ak,ak
2023-06-10T18:07:43.480Z,17.9526666666667,-66.8353333333333,13.48,2.56,md,11,215,0.04737,0.12,pr,pr71412903,2023-06-10T18:17:32.670Z,"Puerto Rico region",earthquake,0.7,0.31,0.144025997070239,5,reviewed,pr,pr
2023-06-10T16:25:09.399Z,65.9071,-166.2879,15,3.3,ml,,,,1.22,ak,ak0237ej76w5,2023-06-10T16:50:03.040Z,"40 km SSW of Shishmaref, Alaska",earthquake,,248.9,,,automatic,ak,ak
2023-06-10T16:24:56.130Z,17.9486666666667,-66.8336666666667,11.84,3.26,md,24,195,0.05071,0.17,pr,pr71412878,2023-06-10T16:57:01.610Z,"5 km SSW of Indios, Puerto Rico",earthquake,0.47,0.36,0.101429313673134,9,reviewed,pr,pr
2023-06-10T16:20:53.779Z,33.8004,135.2069,46.716,4.6,mb,23,76,1.111,0.57,us,us7000k7nk,2023-06-10T22:07:00.564Z,"1 km SW of Inami, Japan",earthquake,4.52,8.141,0.193,8,reviewed,us,us
2023-06-10T15:16:10.250Z,18.542,-64.8136666666667,76.59,3.15,md,11,269,0.2131,0.13,pr,pr71412873,2023-06-10T15:44:34.082Z,"23 km N of Cruz Bay, U.S. Virgin Islands",earthquake,0.92,0.64,0.110296718865702,9,reviewed,pr,pr
2023-06-10T15:07:44.863Z,-5.5951,104.1912,80.858,4.7,mb,30,174,1.738,0.67,us,us7000k7n9,2023-06-10T16:29:23.040Z,"114 km SW of Kotabumi, Indonesia",earthquake,11.74,8.836,0.102,32,reviewed,us,us
2023-06-10T15:06:46.970Z,-21.6179,-69.5058,10,4.6,mb,24,101,0.303,1,us,us7000k7n6,2023-06-11T05:18:38.215Z,"82 km NNE of María Elena, Chile",earthquake,5.31,1.835,0.107,26,reviewed,us,us
2023-06-10T14:50:38.771Z,11.7931,125.8935,40.935,4.9,mb,54,122,4.704,0.9,us,us7000k7n5,2023-06-10T15:18:18.040Z,"47 km E of Sulat, Philippines",earthquake,11.39,7.473,0.056,105,reviewed,us,us
2023-06-10T14:34:29.840Z,18.6585,-64.8315,76.04,3.16,md,15,269,0.3268,0.16,pr,pr71412863,2023-06-10T16:32:49.040Z,"",earthquake,2.35,1.29,0.136592804888832,11,reviewed,pr,pr
2023-06-10T13:50:43.070Z,18.556,-65.8783333333333,76.23,3.03,md,16,198,0.3135,0.19,pr,pr71412843,2023-06-10T15:44:15.856Z,"13 km N of Loíza, Puerto Rico",earthquake,1.48,1.13,0.0464622850348795,6,reviewed,pr,pr
2023-06-10T13:21:06.706Z,-30.7268,-71.578,40.55,4.8,mb,34,97,0.687,1.06,us,us7000k7mt,2023-06-10T13:39:31.040Z,"",earthquake,6.2,5.454,0.042,173,reviewed,us,us
2023-06-10T12:43:27.422Z,-24.2337,-179.9849,510.126,4.3,mb,29,102,5.337,0.99,us,us7000k7mr,2023-06-10T13:01:19.040Z,"",earthquake,10.69,9.062,0.08,44,reviewed,us,us
2023-06-10T11:51:15.450Z,19.2065,-67.9828,40,3.59,md,16,267,0.7991,0.83,pr,pr2023161000,2023-06-11T04:50:35.040Z,"82 km NNE of Punta Cana, Dominican Republic",earthquake,4.67,25.84,0.1,14,reviewed,pr,pr
2023-06-10T11:42:26.120Z,33.9561667,-117.7166667,12.88,2.75,ml,101,13,0.05209,0.21,ci,ci40482464,2023-06-11T06:08:47.550Z,"6km SE of Chino Hills, CA",earthquake,0.18,0.44,0.178,23,automatic,ci,ci
2023-06-10T11:19:32.760Z,18.005,-66.8471666666667,2.1,2.66,md,4,186,0.1909,0.13,pr,pr71412823,2023-06-10T11:33:44.790Z,"2 km ESE of Palomas, Puerto Rico",earthquake,0.62,1.18,0.0997829934362282,5,reviewed,pr,pr
2023-06-10T10:04:52.576Z,38.5871,22.8955,17.595,4.2,mwr,40,55,1.547,0.55,us,us7000k7m7,2023-06-10T10:28:44.040Z,"Greece",earthquake,4.33,5.372,0.065,23,reviewed,us,us
2023-06-10T09:43:04.110Z,38.7426682,-122.7220001,1.54,2.63,md,61,30,0.01903,0.08,nc,nc73899481,2023-06-10T18:35:55.939Z,"4km SW of Anderson Springs, CA",earthquake,0.15,0.29,0.18,72,automatic,nc,nc
2023-06-10T09:12:50.868Z,-15.977,-179.1556,10,5.8,mww,94,49,3.199,0.67,us,us7000k7m3,2023-06-11T00:30:56.762Z,"Fiji region",earthquake,11.05,1.762,0.069,20,reviewed,us,us
2023-06-10T09:12:34.296Z,22.8476,120.6217,19.897,4.7,mwr,48,84,0.424,0.74,us,us7000k7ly,2023-06-10T18:21:07.090Z,"",earthquake,3.12,3.88,0.059,28,reviewed,us,us
2023-06-10T09:07:02.952Z,53.4311,160.3509,60.173,4.4,mb,30,142,1.101,0.7,us,us7000k7lv,2023-06-10T09:20:20.040Z,"122 km ENE of Petropavlovsk-Kamchatsky, Russia",earthquake,11.59,9.253,0.093,33,reviewed,us,us
2023-06-10T08:44:56.115Z,60.702,-152.076,91.5,3.1,ml,,,,0.39,ak,ak0237eejw69,2023-06-10T08:53:53.040Z,"42 km WNW of Salamatof, Alaska",earthquake,,0.7,,,automatic,ak,ak
2023-06-10T07:55:47.205Z,-24.1648,-67.0584,202.649,4,mb,18,106,1.586,0.41,us,us7000k7lq,2023-06-10T12:45:38.040Z,"75 km W of San Antonio de los Cobres, Argentina",earthquake,11.74,11.556,0.259,4,reviewed,us,us
2023-06-10T07:24:29.225Z,-24.1542,-66.982,194.486,4.3,mwr,35,49,1.624,0.75,us,us7000k7ll,2023-06-10T20:34:55.619Z,"Salta, Argentina",earthquake,4.95,9.814,,,reviewed,us,guc
2023-06-10T06:53:57.681Z,3.8177,-76.4527,149.844,4.3,mb,36,98,2.358,0.79,us,us7000k7li,2023-06-10T21:24:23.462Z,"7 km E of Restrepo, Colombia",earthquake,8.69,9.314,0.122,19,reviewed,us,us
2023-06-10T05:31:54.877Z,22.854,120.6509,25.817,4.9,mwr,119,71,0.397,0.71,us,us7000k7l7,2023-06-10T09:55:48.018Z,"35 km SSE of Yujing, Taiwan",earthquake,4.43,4.886,0.061,26,reviewed,us,us
2023-06-10T05:13:23.397Z,-4.7947,143.4499,100.844,4.3,mb,43,112,3.556,0.57,us,us7000k7l3,2023-06-10T05:50:36.040Z,"81 km NNE of Porgera, Papua New Guinea",earthquake,5.68,7.827,0.098,30,reviewed,us,us
2023-06-10T02:55:02.226Z,34.4818,25.3623,38.589,4.3,mb,56,187,0.893,0.77,us,us7000k7kl,2023-06-10T23:02:12.040Z,"61 km SSE of Pýrgos, Greece",earthquake,8.31,9.433,0.097,30,reviewed,us,us
2023-06-10T01:12:05.885Z,31.6919,-104.3787,10,2.5,ml,20,132,0.107,0.53,us,us7000k7kc,2023-06-10T22:44:07.040Z,"53 km S of Whites City, New Mexico",earthquake,2.44,2.01,0.091,46,reviewed,us,us
2023-06-09T22:46:20.746Z,16.4597,145.7167,144.538,4.5,mb,51,80,1.214,0.47,us,us7000k7jw,2023-06-09T23:51:06.040Z,"",earthquake,11.24,7.31,0.06,82,reviewed,us,us
2023-06-09T22:25:00.902Z,-2.8117,129.2318,10,4.7,mb,43,43,1.827,0.6,us,us7000k7je,2023-06-09T23:29:21.040Z,"61 km NNE of Masohi, Indonesia",earthquake,6.54,1.888,0.104,28,reviewed,us,us
2023-06-09T21:54:34.890Z,19.3776666666667,-155.252,24.32,2.52,ml,42,85,,0.11,hv,hv73447627,2023-06-09T23:36:02.130Z,"Island of Hawaii, Hawaii",earthquake,0.48,0.42,0.122426436443724,13,reviewed,hv,hv
2023-06-09T21:33:05.082Z,-16.7424,-173.9304,92.797,4.8,mb,49,49,4.085,1.06,us,us7000k7j3,2023-06-09T23:47:05.857Z,"88 km S of Hihifo, Tonga",earthquake,7.18,6.878,0.039,203,reviewed,us,us
2023-06-09T21:21:42.546Z,-60.4971,160.3524,10,5.9,mww,63,56,6.063,0.48,us,us7000k7iz,2023-06-10T21:25:29.591Z,"Macquarie Island region",earthquake,6.67,1.706,0.083,14,reviewed,us,us
2023-06-09T21:19:30.029Z,-23.4825,-69.5622,80.404,4.1,mb,21,111,0.773,0.4,us,us7000k7iy,2023-06-09T22:12:36.040Z,"87 km ENE of Antofagasta, Chile",earthquake,3.8,7.701,0.214,6,reviewed,us,us
2023-06-09T21:04:10.267Z,-23.2767,170.6271,10,4.9,mb,30,52,3.005,0.29,us,us7000k7iw,2023-06-10T03:02:23.040Z,"",earthquake,8.21,1.88,0.116,23,reviewed,us,us
2023-06-09T20:53:07.175Z,58.2599,-155.1167,2.9,3.5,ml,,,,0.57,ak,ak0237cy7kho,2023-06-10T18:37:29.040Z,"86 km NNW of Karluk, Alaska",earthquake,,0.2,,,reviewed,ak,ak
2023-06-09T20:53:04.783Z,58.2651,-155.163,5,2.9,ml,,,,0.59,ak,ak0237cy7k8j,2023-06-09T23:24:59.279Z,"Alaska Peninsula",earthquake,,0,,,reviewed,ak,ak
2023-06-09T20:43:28.565Z,-47.315,-12.6376,10,5.7,mww,133,46,16.56,0.7,us,us7000k7id,2023-06-10T20:46:57.868Z,"southern Mid-Atlantic Ridge",earthquake,10.25,1.754,0.065,23,reviewed,us,us
2023-06-09T19:45:01.484Z,12.271,-87.917,35.859,4.4,mb,79,182,0.972,0.66,us,us7000k7ht,2023-06-10T17:55:56.040Z,"72 km SW of Jiquilillo, Nicaragua",earthquake,4.33,12.391,0.069,64,reviewed,us,us
2023-06-09T19:35:15.207Z,21.1174,99.8612,14.854,4.4,mb,53,44,0.304,0.6,us,us7000k7hq,2023-06-10T17:07:24.040Z,"Myanmar",earthquake,5.34,4.547,0.095,37,reviewed,us,us
2023-06-09T19:15:30.930Z,17.9518333333333,-66.965,15.82,2.64,md,7,217,0.08482,0.08,pr,pr71412798,2023-06-09T19:34:15.070Z,"6 km WSW of Guánica, Puerto Rico",earthquake,0.52,0.67,0.0734849142211362,4,reviewed,pr,pr
2023-06-09T19:13:41.183Z,36.605,71.0043,209.511,4,mb,50,74,2.591,0.77,us,us7000k7hj,2023-06-10T16:33:58.040Z,"32 km SSE of Jurm, Afghanistan",earthquake,4.99,6.582,0.092,35,reviewed,us,us
2023-06-09T18:28:42.694Z,18.6927,145.2323,579.088,4.3,mb,152,53,3.474,0.61,us,us7000k7hb,2023-06-10T15:48:59.040Z,"",earthquake,10.85,6.858,0.043,156,reviewed,us,us
2023-06-09T17:28:29.030Z,11.9765,-88.0502,42.624,4.4,mb,97,145,1.235,0.77,us,us7000k7gl,2023-06-09T18:51:58.040Z,"107 km SW of Jiquilillo, Nicaragua",earthquake,6.62,4.505,0.058,89,reviewed,us,us
2023-06-09T17:17:29.278Z,-1.2277,98.2117,6.959,4.6,mb,78,108,2.594,0.44,us,us7000k7gk,2023-06-09T18:07:13.040Z,"177 km WNW of Tuapejat, Indonesia",earthquake,4.4,4.833,0.074,61,reviewed,us,us
2023-06-09T15:36:10.568Z,31.4945,-103.996,8.208,2.6,ml,23,63,0.166,0.46,us,us7000k7fs,2023-06-09T15:59:43.040Z,"27 km NW of Toyah, Texas",earthquake,0.97,8.646,0.097,50,reviewed,us,us
2023-06-09T15:26:50.460Z,38.8345,-122.8153333,2.24,2.61,md,87,25,0.01183,0.07,nc,nc73899136,2023-06-09T22:32:13.140Z,"8km W of Cobb, CA",earthquake,0.08,0.13,0.162,102,reviewed,nc,nc
2023-06-09T15:10:24.238Z,63.3211,-151.6609,6.8,2.6,ml,,,,0.72,ak,ak0237cuz849,2023-06-09T16:13:08.040Z,"24 km S of Denali National Park, Alaska",earthquake,,0.4,,,automatic,ak,ak
2023-06-09T15:08:45.110Z,36.6783,71.4834,171.403,4,mb,25,70,2.786,0.45,us,us7000k7fk,2023-06-09T16:30:56.040Z,"4 km W of Ashkāsham, Afghanistan",earthquake,5.63,14.123,0.258,4,reviewed,us,us
2023-06-09T14:49:52.662Z,58.5236,-152.9052,53,2.5,ml,,,,0.26,ak,ak0237cum7mq,2023-06-10T06:07:14.040Z,"51 km N of Aleneva, Alaska",earthquake,,1.2,,,automatic,ak,ak
2023-06-09T11:50:55.340Z,18.929,-65.3506666666667,12.66,3.15,md,14,248,0.6216,0.17,pr,pr71412793,2023-06-09T12:57:10.710Z,"69 km N of Culebra, Puerto Rico",earthquake,1.21,1.7,0.0572388837517848,8,reviewed,pr,pr
2023-06-09T11:33:35.761Z,7.1964,-33.9989,10,5.3,mww,65,55,12.788,0.57,us,us7000k7bx,2023-06-09T11:53:52.040Z,"central Mid-Atlantic Ridge",earthquake,10.72,1.87,0.078,16,reviewed,us,us
2023-06-09T11:28:40.240Z,18.298,-68.4425,101,3.74,md,18,185,0.2244,0.12,pr,pr2023160002,2023-06-09T12:06:46.230Z,"19 km ESE of Boca de Yuma, Dominican Republic",earthquake,1.8,1.06,0.14,11,reviewed,pr,pr
2023-06-09T11:21:54.910Z,67.509,-142.5788,0,3.4,ml,,,,0.7,ak,ak0237csnwxv,2023-06-09T11:28:21.040Z,"107 km NNE of Chalkyitsik, Alaska",earthquake,,0.6,,,automatic,ak,ak
2023-06-09T10:47:57.714Z,2.7093,128.2994,96.643,4.7,mb,38,79,2.138,0.77,us,us7000k7bs,2023-06-09T11:07:05.040Z,"113 km NNE of Tobelo, Indonesia",earthquake,9.27,7.491,0.099,31,reviewed,us,us
2023-06-09T10:34:05.118Z,-2.8138,129.2056,10,4.9,mb,61,63,1.835,0.28,us,us7000k7bn,2023-06-09T10:53:58.040Z,"59 km NNE of Masohi, Indonesia",earthquake,6.46,1.877,0.071,63,reviewed,us,us
2023-06-09T09:24:38.997Z,44.1688,149.4259,53.013,4.6,mb,83,135,4.918,0.54,us,us7000k7bd,2023-06-09T10:39:36.040Z,"169 km SE of Kuril’sk, Russia",earthquake,10.47,7.284,0.042,171,reviewed,us,us
2023-06-09T08:35:26.813Z,-10.889,162.5666,46.809,4.3,mb,20,148,2.954,0.87,us,us7000k7b9,2023-06-09T09:22:14.040Z,"",earthquake,12.29,8.034,0.138,15,reviewed,us,us
2023-06-09T08:03:43.550Z,51.9566,177.7558,4.8,3.5,ml,,,,0.62,ak,ak0237cqrqf9,2023-06-09T16:59:00.508Z,"",earthquake,,0.6,,,reviewed,ak,ak
2023-06-09T06:43:11.090Z,19.6926,-65.6526,33,3.81,md,13,274,1.4336,0.27,pr,pr2023160001,2023-06-09T07:11:27.420Z,"141 km N of Suárez, Puerto Rico",earthquake,1.76,18.23,0.07,4,reviewed,pr,pr
2023-06-09T06:40:12.840Z,17.95,-66.9778333333333,9.99,3.07,md,10,213,0.06608,0.1,pr,pr71412743,2023-06-09T10:15:36.936Z,"7 km WSW of Fuig, Puerto Rico",earthquake,0.51,0.77,0.243240291458832,11,reviewed,pr,pr
2023-06-09T06:36:05.710Z,19.0641666666667,-66.457,37.18,3.38,md,16,259,0.588,0.27,pr,pr71412733,2023-06-09T07:25:37.680Z,"66 km N of Tierras Nuevas Poniente, Puerto Rico",earthquake,1.23,5.07,0.0231130035327411,5,reviewed,pr,pr
2023-06-09T06:09:07.878Z,-13.2265,66.2255,10,4.9,mb,56,82,26.477,0.42,us,us7000k7ax,2023-06-09T06:36:39.040Z,"Mid-Indian Ridge",earthquake,12.59,1.863,0.083,46,reviewed,us,us
2023-06-09T04:43:54.873Z,37.9463,73.3731,10,4.2,mb,20,124,2.899,0.94,us,us7000k7aj,2023-06-09T05:30:01.040Z,"57 km WSW of Murghob, Tajikistan",earthquake,3.47,1.966,0.2,7,reviewed,us,us
2023-06-09T04:21:26.610Z,19.6645,-65.7121,81,3.71,md,16,272,1.4055,0.43,pr,pr2023160000,2023-06-09T06:04:41.713Z,"137 km N of Suárez, Puerto Rico",earthquake,4.57,10.86,0.08,5,reviewed,pr,pr
2023-06-09T03:21:44.159Z,-23.5801,-67.0339,216.705,4.3,mb,17,89,1.225,0.77,us,us7000k7ac,2023-06-09T03:59:16.040Z,"",earthquake,11.42,4.718,0.239,7,reviewed,us,us
2023-06-09T02:45:29.780Z,17.9731666666667,-65.7958333333333,14.93,2.53,md,6,208,0.1754,0.2,pr,pr71412708,2023-06-09T02:57:19.530Z,"9 km SE of El Negro, Puerto Rico",earthquake,0.94,1.53,0.167192848589083,4,reviewed,pr,pr
2023-06-09T02:39:15.900Z,18.9346666666667,-67.2011666666667,8.94,2.99,md,13,272,0.4724,0.13,pr,pr71412713,2023-06-09T03:59:03.150Z,"",earthquake,0.54,0.73,0.075266257595324,8,reviewed,pr,pr
2023-06-09T02:24:15.403Z,-1.954,125.6854,10,4.7,mb,28,71,3.05,0.67,us,us7000k7a5,2023-06-09T02:47:21.040Z,"34 km WNW of Sanana, Indonesia",earthquake,6.98,1.621,0.11,26,reviewed,us,us
2023-06-09T01:21:53.355Z,33.8176,71.1228,58.111,4.4,mb,27,195,1.796,0.82,us,us7000k79v,2023-06-09T01:46:25.040Z,"31 km S of Landi Kotal, Pakistan",earthquake,8.68,6.742,0.115,22,reviewed,us,us
2023-06-09T01:04:53.136Z,55.3222,163.0929,42.771,4.5,mb,46,122,3.482,0.9,us,us7000k79u,2023-06-09T01:25:18.040Z,"",earthquake,12.17,7.571,0.046,140,reviewed,us,us
2023-06-09T00:40:23.825Z,56.4549,-156.8331,87.5,2.8,ml,,,,0.39,ak,ak0237cm85hq,2023-06-09T01:03:49.040Z,"98 km E of Chignik, Alaska",earthquake,,2.7,,,automatic,ak,ak
2023-06-09T00:30:47.246Z,7.2943,125.8738,126.813,4.6,mb,39,51,6.648,0.84,us,us7000k79m,2023-06-09T03:04:32.588Z,"2 km ENE of Pandasan, Philippines",earthquake,10.58,8.222,0.091,36,reviewed,us,us
2023-06-09T00:00:57.900Z,37.4485,-118.6538333,3.61,2.65,md,24,97,0.1194,0.08,nc,nc73898881,2023-06-09T13:13:33.242Z,"6km NW of Round Valley, CA",earthquake,0.31,1.55,0.169,46,reviewed,nc,nc
2023-06-08T22:59:51.940Z,19.1763333333333,-155.496666666667,36.16,2.88,ml,55,88,,0.11,hv,hv73446332,2023-06-09T20:17:23.150Z,"Island of Hawaii, Hawaii",earthquake,0.39,0.51,0.163137285373821,34,reviewed,hv,hv
2023-06-08T22:57:15.071Z,53.5717,108.482,10,4.4,mb,30,79,3.504,0.73,us,us7000k78z,2023-06-08T23:19:12.040Z,"40 km WNW of Ust’-Barguzin, Russia",earthquake,6.04,1.915,0.117,21,reviewed,us,us
2023-06-08T22:09:02.740Z,34.2056667,-118.0143333,15.05,2.65,ml,30,46,0.04061,0.12,ci,ci40481072,2023-06-09T19:23:40.392Z,"6km NE of Sierra Madre, CA",earthquake,0.23,0.45,0.157,10,reviewed,ci,ci
2023-06-08T22:08:48.820Z,34.2075,-118.0125,14.07,3.07,ml,163,16,0.04123,0.2,ci,ci40481064,2023-06-10T11:55:49.601Z,"6km NE of Sierra Madre, CA",earthquake,0.1,0.22,0.187,245,reviewed,ci,ci
2023-06-08T21:20:55.870Z,31.2069,130.2375,189.694,4.9,mb,91,117,0.353,0.35,us,us7000k78h,2023-06-08T22:23:14.040Z,"10 km SW of Makurazaki, Japan",earthquake,7.09,5.461,0.038,223,reviewed,us,us
2023-06-08T21:18:25.186Z,55.2564,163.0797,37.601,4.8,mb,64,135,3.434,0.63,us,us7000k78g,2023-06-08T22:10:24.040Z,"114 km SSE of Ust’-Kamchatsk Staryy, Russia",earthquake,8.27,4.675,0.034,269,reviewed,us,us
2023-06-08T20:37:53.986Z,51.8875,177.6045,12.548,4.2,ml,15,177,0.565,0.54,us,us7000k78i,2023-06-08T22:00:16.040Z,"",earthquake,4.51,5.481,0.077,22,reviewed,us,us
2023-06-08T20:34:54.658Z,51.78,177.7778,9.641,4.6,mb,44,153,0.485,0.9,us,us7000k78d,2023-06-08T21:56:42.040Z,"Rat Islands, Aleutian Islands, Alaska",earthquake,4.54,5.459,0.105,27,reviewed,us,us
2023-06-08T20:33:15.375Z,51.8463,177.6949,11.177,4.6,mb,17,178,0.516,0.65,us,us7000k788,2023-06-08T21:58:16.040Z,"Rat Islands, Aleutian Islands, Alaska",earthquake,4.39,4.721,0.244,5,reviewed,us,us
2023-06-08T20:31:45.829Z,52.1635,177.7598,7.141,5.7,mww,125,41,0.512,0.97,us,us7000k782,2023-06-10T20:41:50.840Z,"Rat Islands, Aleutian Islands, Alaska",earthquake,6.12,2.971,0.034,85,reviewed,us,us
2023-06-08T19:41:20.170Z,40.3875,-125.3641667,23.98,2.8,md,30,272,0.7871,0.31,nc,nc73898801,2023-06-09T02:31:11.870Z,"92km W of Petrolia, CA",earthquake,2.48,31.61,0.239,37,reviewed,nc,nc
2023-06-08T19:23:18.609Z,61.4692,-153.5502,4.5,2.5,ml,,,,0.5,ak,ak0237b9wdx0,2023-06-08T21:42:48.040Z,"101 km E of Lime Village, Alaska",earthquake,,0.4,,,automatic,ak,ak
2023-06-08T19:13:08.356Z,-23.4743,171.006,30.89,4.5,mb,23,116,3.389,0.85,us,us7000k781,2023-06-08T21:35:53.040Z,"southeast of the Loyalty Islands",earthquake,5.77,5.494,0.157,12,reviewed,us,us
2023-06-08T18:34:41.632Z,33.088,84.7091,11.975,4.6,mb,48,77,5.425,0.71,us,us7000k76x,2023-06-08T21:22:42.040Z,"western Xizang",earthquake,6.46,4.658,0.067,66,reviewed,us,us
2023-06-08T14:32:02.133Z,13.403,145.5932,72.76,4.9,mb,161,75,1.837,0.75,us,us7000k754,2023-06-09T17:32:50.040Z,"Guam region",earthquake,9.69,6.275,0.034,272,reviewed,us,us
2023-06-08T14:05:50.375Z,32.75299072,-100.6508432,7.996704102,3.2,ml,16,87,0.07500059636,0.1,tx,tx2023ldtk,2023-06-09T17:22:08.040Z,"16 km NE of Hermleigh, Texas",earthquake,0.7268214612,1.085341431,0.1,12,reviewed,tx,tx
2023-06-08T13:18:52.371Z,61.5963,-151.0621,58.8,2.6,ml,,,,0.45,ak,ak0237b6asb9,2023-06-09T15:32:32.040Z,"29 km W of Susitna, Alaska",earthquake,,0.6,,,automatic,ak,ak
2023-06-08T12:33:53.336Z,38.6106,22.952,10,4.8,mb,113,35,1.533,0.49,us,us7000k74e,2023-06-09T01:57:36.269Z,"6 km SW of Atalánti, Greece",earthquake,2.92,1.646,0.046,148,reviewed,us,us
2023-06-08T12:17:14.280Z,40.369,-124.968,14.71,2.64,md,44,248,0.4848,0.26,nc,nc73898656,2023-06-08T22:27:16.443Z,"58km W of Petrolia, CA",earthquake,1.32,2.42,0.264,40,reviewed,nc,nc
2023-06-08T12:00:23.020Z,-40.6435,177.2701,10,4.7,mb,36,211,0.78,0.85,us,us7000k745,2023-06-09T11:47:40.921Z,"93 km ENE of Castlepoint, New Zealand",earthquake,5.63,1.948,0.134,18,reviewed,us,us
2023-06-08T10:53:39.552Z,56.2203,-149.1973,10,4.3,mb,83,144,2.426,0.36,us,us7000k740,2023-06-08T11:17:28.616Z,"243 km SE of Chiniak, Alaska",earthquake,7.79,1.953,0.065,68,reviewed,us,us
2023-06-08T10:31:30.710Z,33.8231667,-118.2508333,11.58,2.54,ml,94,62,0.04515,0.25,ci,ci40480440,2023-06-10T13:46:04.635Z,"3km ESE of Carson, CA",earthquake,0.2,0.32,0.195,26,reviewed,ci,ci
2023-06-08T09:19:28.575Z,-22.3537,170.269,17.673,5.7,mww,117,57,2.623,0.95,us,us7000k73m,2023-06-09T09:22:52.070Z,"262 km ESE of Tadine, New Caledonia",earthquake,7.24,3.651,0.063,24,reviewed,us,us
2023-06-08T08:54:16.780Z,17.953,-66.8425,17.73,2.52,md,11,199,0.04129,0.15,pr,pr71412658,2023-06-08T09:06:03.150Z,"Puerto Rico region",earthquake,0.68,0.39,0.0545262432633338,6,reviewed,pr,pr
2023-06-08T08:42:26.399Z,69.2191,-144.3366,18.2,2.8,ml,,,,0.85,ak,ak0237b3gpgv,2023-06-09T04:13:50.040Z,"105 km SSW of Kaktovik, Alaska",earthquake,,0.7,,,automatic,ak,ak
2023-06-08T07:54:36.949Z,62.2745,-149.7071,12.3,2.5,ml,,,,0.57,ak,ak0237b2xv9q,2023-06-09T04:10:48.040Z,"14 km NNE of Susitna North, Alaska",earthquake,,0.2,,,automatic,ak,ak
2023-06-08T07:49:11.107Z,-29.112,-178.5036,211.252,4.6,mb,20,73,0.532,1.22,us,us7000k72k,2023-06-08T08:07:25.040Z,"Kermadec Islands, New Zealand",earthquake,10.88,5.798,0.136,16,reviewed,us,us
2023-06-08T07:32:51.510Z,-5.6556,151.9581,10,5.2,mb,79,100,6.042,0.68,us,us7000k72g,2023-06-08T07:49:41.040Z,"149 km SSW of Kokopo, Papua New Guinea",earthquake,9.12,1.884,0.072,63,reviewed,us,us
2023-06-08T06:54:38.291Z,-40.4787,177.1605,10,4.4,mb,14,128,0.725,1.85,us,us7000k72d,2023-06-08T09:33:16.082Z,"",earthquake,5.03,1.879,0.219,6,reviewed,us,us
2023-06-08T06:23:05.759Z,-53.8233,140.3199,10,4.8,mb,20,130,16.642,0.58,us,us7000k72a,2023-06-08T06:43:16.040Z,"west of Macquarie Island",earthquake,16.79,1.919,0.131,18,reviewed,us,us
2023-06-08T05:35:04.962Z,65.1972,-162.093,4.054,2.7,ml,23,101,0.565,0.83,us,us7000k724,2023-06-08T06:47:29.040Z,"53 km WNW of Koyuk, Alaska",earthquake,4.19,7.714,0.06,36,reviewed,us,us
2023-06-08T05:09:13.396Z,-7.4269,122.0318,546.899,4.5,mb,32,55,1.218,0.43,us,us7000k720,2023-06-08T05:23:38.040Z,"Flores Sea",earthquake,12.02,10.626,0.14,15,reviewed,us,us
2023-06-08T04:56:56.435Z,38.4017,-96.8427,8.202,2.5,mb_lg,28,93,0.722,0.53,us,us7000k71z,2023-06-09T02:09:58.040Z,"14 km SE of Lincolnville, Kansas",earthquake,1.59,7.109,0.061,69,reviewed,us,us
2023-06-08T04:02:32.706Z,-55.4319,-1.8101,10,5.2,mww,51,95,16.31,0.74,us,us7000k71w,2023-06-09T01:41:27.040Z,"Bouvet Island region",earthquake,12.31,1.844,0.098,10,reviewed,us,us
2023-06-08T03:38:42.631Z,37.789,36.324,10,4.3,mb,49,44,0.209,0.65,us,us7000k71u,2023-06-09T01:23:56.040Z,"",earthquake,4.84,1.938,0.118,20,reviewed,us,us
2023-06-08T03:15:44.670Z,19.3351666666667,-155.183166666667,2.96,2.88,ml,51,102,,0.15,hv,hv73445337,2023-06-09T01:12:07.040Z,"13 km SSE of Volcano, Hawaii",earthquake,0.27,0.61,0.188365044765653,39,reviewed,hv,hv
2023-06-08T01:42:04.395Z,-21.317,-67.1793,203.235,4.5,mb,31,57,1.873,0.77,us,us7000k71i,2023-06-09T00:44:12.040Z,"101 km SSW of Uyuni, Bolivia",earthquake,7.68,10.133,0.191,8,reviewed,us,us
2023-06-08T01:03:27.878Z,32.4148,-102.1104,1.9,2.6,mb_lg,22,75,0.288,0.27,us,us7000k71f,2023-06-09T00:31:03.040Z,"38 km SSW of Los Ybanez, Texas",earthquake,1.27,5.566,0.076,67,reviewed,us,us
2023-06-07T23:08:19.265Z,-16.398,-74.3025,21.815,4.6,mb,37,150,4.26,1.1,us,us7000k70z,2023-06-07T23:21:46.040Z,"",earthquake,10.71,6.862,0.091,36,reviewed,us,us
2023-06-07T22:52:05.594Z,-16.3918,-74.1949,35,4.9,mb,77,133,4.172,1,us,us7000k70x,2023-06-07T23:10:14.040Z,"64 km WSW of Atico, Peru",earthquake,8.29,1.907,0.053,111,reviewed,us,us
2023-06-07T22:49:43.053Z,-27.8732,-67.1262,190.632,4.5,mb,31,111,2.06,0.93,us,us7000k70w,2023-06-07T23:00:16.040Z,"17 km S of Londres, Argentina",earthquake,9.61,13.112,0.171,10,reviewed,us,us
2023-06-07T21:42:18.277Z,39.6143,-119.9636,5.7,2.6,ml,24,67.87,0.007,0.1067,nn,nn00860991,2023-06-08T16:52:07.523Z,"7 km S of Cold Springs, Nevada",earthquake,,0.9,0.19,5,reviewed,nn,nn
2023-06-07T21:15:16.864Z,0.5575,122.418,121.768,4.3,mb,25,85,1.627,0.81,us,us7000k70s,2023-06-09T01:33:50.626Z,"71 km W of Gorontalo, Indonesia",earthquake,8.19,10.579,0.129,17,reviewed,us,us
2023-06-07T20:02:34.486Z,-22.963,170.2496,10,4.9,mb,44,105,2.61,1.36,us,us7000k6zn,2023-06-07T20:35:12.040Z,"southeast of the Loyalty Islands",earthquake,7.79,1.885,0.078,52,reviewed,us,us
2023-06-07T19:46:31.322Z,-28.6092,-175.6035,10,4.6,mb,20,152,2.132,0.46,us,us7000k6zg,2023-06-08T12:54:29.040Z,"Kermadec Islands region",earthquake,8.79,1.98,0.157,17,reviewed,us,us
2023-06-07T18:55:16.526Z,58.7606,-153.4254,14.8,3.3,ml,,,,0.18,ak,ak02379lygkk,2023-06-08T13:29:53.040Z,"Kodiak Island region, Alaska",earthquake,,0.4,,,automatic,ak,ak
2023-06-07T17:39:24.198Z,6.0558,-77.8421,10,5.1,mww,107,39,3.706,1.11,us,us7000k6yf,2023-06-09T17:31:17.040Z,"near the west coast of Colombia",earthquake,6.7,1.798,0.062,25,reviewed,us,us
2023-06-07T17:32:04.580Z,17.9913,-68.937,38,3.71,md,13,243,0.7628,0.59,pr,pr2023158001,2023-06-08T13:35:55.040Z,"48 km S of La Romana, Dominican Republic",earthquake,3.01,11.79,0.07,7,reviewed,pr,pr
2023-06-07T17:12:35.745Z,59.9659,-153.5894,164.9,2.7,ml,,,,0.4,ak,ak02379l3up6,2023-06-07T17:43:54.040Z,"35 km NE of Pedro Bay, Alaska",earthquake,,0.6,,,automatic,ak,ak
2023-06-07T17:04:55.860Z,-9.2198,110.6926,30.9,5.6,mww,80,131,2.171,2.02,us,us7000k6xu,2023-06-09T21:54:37.169Z,"139 km S of Wonosari, Indonesia",earthquake,8.12,5.443,0.086,13,reviewed,us,us
2023-06-07T16:20:59.220Z,17.9126,-68.1575,63,3.93,md,24,222,0.2798,0.17,pr,pr2023158000,2023-06-07T17:00:29.040Z,"70 km SE of Boca de Yuma, Dominican Republic",earthquake,1.85,2.64,0.17,11,reviewed,pr,pr
2023-06-07T15:51:24.406Z,-56.0916,-27.3026,35,4.9,mb,30,124,5.565,0.49,us,us7000k6xd,2023-06-07T16:25:56.040Z,"South Sandwich Islands region",earthquake,12.53,1.921,0.125,21,reviewed,us,us
2023-06-07T15:36:02.410Z,19.4205,-155.273166666667,0.33,2.61,ml,32,80,,0.12,hv,hv73445032,2023-06-07T21:05:24.370Z,"",earthquake,0.13,0.14,0.148282975886169,9,reviewed,hv,hv
2023-06-07T14:59:57.355Z,51.581,-177.0605,35,3.2,ml,17,206,0.211,0.48,us,us7000k74d,2023-06-09T09:09:55.040Z,"43 km SW of Adak, Alaska",earthquake,3.21,1.99,0.085,18,reviewed,us,us
2023-06-07T14:54:06.775Z,-35.8205,-73.6043,10,4.4,mb,34,115,0.984,0.49,us,us7000k6ws,2023-06-09T15:38:57.040Z,"105 km NNW of Tomé, Chile",earthquake,4.6,1.911,0.143,14,reviewed,us,us
2023-06-07T14:43:27.010Z,19.4158333333333,-155.278333333333,0.13,3.3,ml,50,35,,0.13,hv,hv73444992,2023-06-07T21:03:11.666Z,"5 km WSW of Volcano, Hawaii",earthquake,0.12,0.13,0.188385112755523,31,reviewed,hv,hv
2023-06-07T14:38:56.680Z,19.4145,-155.277666666667,-0.02,2.82,ml,32,59,,0.11,hv,hv73444982,2023-06-09T09:28:49.040Z,"5 km SW of Volcano, Hawaii",earthquake,0.12,0.14,0.146493694062987,11,reviewed,hv,hv
2023-06-07T12:35:34.610Z,19.4118333333333,-155.2675,1.12,3.44,ml,55,39,,0.11,hv,hv73444617,2023-06-07T16:49:12.046Z,"4 km SW of Volcano, Hawaii",earthquake,0.12,0.12,0.201232872577562,32,reviewed,hv,hv
2023-06-07T12:26:38.692Z,42.0505,24.8375,10,4.6,mb,108,26,1.045,0.74,us,us7000k6vb,2023-06-10T12:21:54.971Z,"Bulgaria",earthquake,5.2,1.875,0.072,58,reviewed,us,us
2023-06-07T12:25:24.638Z,45.4448,-111.8189,13.378,2.5,ml,33,46,0.202,0.42,us,us7000k6va,2023-06-08T02:39:17.316Z,"12 km NNW of Ennis, Montana",earthquake,1.76,8.141,0.053,47,reviewed,us,us
2023-06-07T11:47:23.460Z,50.0568333333333,-114.897666666667,5.04,2.98,ml,28,253,0.5782,0.14,mb,mb90017018,2023-06-08T07:54:13.034Z,"Alberta, Canada",earthquake,0.92,0.7,0.200774358578821,20,reviewed,mb,mb
2023-06-07T11:10:37.000Z,19.4076666666667,-155.2845,1.09,2.77,ml,26,41,,0.1,hv,hv73444337,2023-06-07T12:35:59.040Z,"Island of Hawaii, Hawaii",earthquake,0.15,0.16,0.137464111102241,18,reviewed,hv,hv
2023-06-07T11:01:18.100Z,32.2091667,-115.2643333,9.92,2.56,ml,25,59,0.07586,0.29,ci,ci40479848,2023-06-08T03:10:20.040Z,"9km WSW of Alberto Oviedo Mota, B.C., MX",earthquake,0.42,0.91,0.224,26,reviewed,ci,ci
2023-06-07T10:55:48.024Z,31.95073992,-103.3367116,6.902807617,2.7,ml,13,83,0.03978515698,0.1,tx,tx2023lbro,2023-06-07T22:18:04.412Z,"22 km SW of Jal, New Mexico",earthquake,0.9224402647,0.7743648219,0.2,12,reviewed,tx,tx
2023-06-07T09:53:50.668Z,16.8731,95.5532,10,4.8,mb,54,105,2.943,0.57,us,us7000k6tu,2023-06-08T01:41:19.677Z,"19 km NW of Maubin, Myanmar",earthquake,4,1.875,0.076,53,reviewed,us,us
2023-06-07T09:49:42.298Z,46.4836,152.6987,54.862,4.4,mb,36,140,6.849,0.61,us,us7000k6tq,2023-06-07T10:20:22.040Z,"Kuril Islands",earthquake,8.95,6.608,0.107,25,reviewed,us,us
2023-06-07T08:00:20.437Z,60.2333,-145.987,10.2,3.2,ml,,,,0.63,ak,ak02379focgg,2023-06-07T18:09:08.121Z,"36 km SSW of Cordova, Alaska",earthquake,,0.2,,,automatic,ak,ak
2023-06-07T06:18:18.640Z,18.9075,-67.1531666666667,10.91,3.24,md,11,275,0.4395,0.16,pr,pr71412558,2023-06-07T06:32:45.830Z,"",earthquake,0.64,0.73,0.0228551455586814,7,reviewed,pr,pr
2023-06-07T06:03:42.030Z,33.9656667,-116.946,7.24,2.58,ml,104,21,0.0527,0.14,ci,ci40479760,2023-06-08T23:09:38.608Z,"5km NE of Beaumont, CA",earthquake,0.1,0.45,0.261,25,reviewed,ci,ci
2023-06-07T04:13:21.090Z,18.4131666666667,-67.3508333333333,10.84,2.88,md,9,180,0.1251,0.27,pr,pr71412553,2023-06-07T06:40:32.380Z,"13 km NW of Rincón, Puerto Rico",earthquake,1.33,1.42,0.130951472463032,8,reviewed,pr,pr
2023-06-07T02:32:51.874Z,-22.4742,-178.9004,605.537,4.5,mb,26,102,3.672,0.55,us,us7000k6s7,2023-06-07T03:42:16.040Z,"",earthquake,15.62,14.413,0.118,21,reviewed,us,us
2023-06-07T02:25:42.393Z,57.1705,-156.0267,3.3,3.4,ml,,,,0.99,ak,ak02379c959m,2023-06-08T22:44:53.040Z,"90 km ESE of Ugashik, Alaska",earthquake,,0.5,,,reviewed,ak,ak
2023-06-07T02:17:22.112Z,-20.917,-178.5956,574.664,4.5,mb,28,84,3.178,0.39,us,us7000k6s4,2023-06-08T21:58:18.040Z,"Fiji region",earthquake,12.98,8.702,0.145,14,reviewed,us,us
2023-06-07T01:47:29.163Z,-32.4806,-71.7778,35,4.1,mb,25,183,0.808,0.43,us,usd000ju19,2023-06-07T02:12:48.040Z,"Near the coast of Valparaiso, Chile",earthquake,3.65,1.94,0.197,7,reviewed,us,us
2023-06-07T01:47:28.913Z,-32.5051,-71.8421,35,4,mwr,38,177,0.867,0.49,us,us7000k6rz,2023-06-08T21:10:22.040Z,"57 km W of La Ligua, Chile",earthquake,4.56,1.51,0.053,34,reviewed,us,us
2023-06-07T01:36:53.440Z,-17.2194,-71.1018,95.33,4.2,mb,20,169,1.355,0.91,us,us7000k6rx,2023-06-08T21:30:30.040Z,"17 km W of Moquegua, Peru",earthquake,9.08,7.772,0.215,6,reviewed,us,us
2023-06-07T01:24:42.720Z,17.8318333333333,-66.157,15.16,2.53,md,6,283,0.1412,0.04,pr,pr71412543,2023-06-07T01:38:54.530Z,"",earthquake,0.68,1.04,0.241422181361335,7,reviewed,pr,pr
2023-06-07T00:56:37.202Z,57.0942,-155.9819,2.5,4.3,ml,,,,0.79,ak,ak02379b8wum,2023-06-07T01:33:02.826Z,"97 km ESE of Ugashik, Alaska",earthquake,,0.2,,,reviewed,ak,ak
2023-06-07T00:06:21.819Z,19.4846,-69.4866,10,2.9,ml,16,194,1.289,0.6,us,us7000k6rk,2023-06-07T14:02:58.697Z,"20 km NNE of Las Terrenas, Dominican Republic",earthquake,4.23,1.864,0.066,30,reviewed,us,us
2023-06-07T00:00:25.610Z,-60.4502,-26.996,35,5.1,mb,28,83,14.765,0.54,us,us7000k6rl,2023-06-07T00:13:14.040Z,"South Sandwich Islands region",earthquake,13.94,1.953,0.088,42,reviewed,us,us
2023-06-06T23:38:13.572Z,-23.116,170.3839,33.065,5.2,mb,32,85,2.755,0.82,us,us7000k6rg,2023-06-06T23:52:57.040Z,"southeast of the Loyalty Islands",earthquake,7.74,6.289,0.108,28,reviewed,us,us
2023-06-06T23:20:12.910Z,31.5678333,-116.0745,10.95,2.7,ml,12,87,0.267,0.21,ci,ci40479672,2023-06-08T21:06:08.021Z,"49km ESE of Maneadero, B.C., MX",earthquake,1.33,4.24,0.122,66,reviewed,ci,ci
2023-06-06T23:18:44.689Z,62.7329,-150.5062,0,2.5,ml,,,,0.79,ak,ak0237816es4,2023-06-07T05:53:31.303Z,"29 km NNE of Petersville, Alaska",earthquake,,0.3,,,automatic,ak,ak
2023-06-06T21:50:12.338Z,-18.254,-177.4181,369.2,4.4,mb,32,134,3.268,0.56,us,us7000k6qt,2023-06-07T04:01:35.040Z,"Fiji region",earthquake,14.76,10.154,0.105,26,reviewed,us,us
2023-06-06T21:48:03.261Z,-23.0477,170.1999,10,5.2,mb,52,76,2.577,0.96,us,us7000k6qq,2023-06-06T22:01:56.040Z,"280 km E of Vao, New Caledonia",earthquake,6.64,1.856,0.092,39,reviewed,us,us
2023-06-06T21:43:48.662Z,-23.1012,170.1804,10,4.9,mb,29,107,2.568,0.86,us,usd000jtzp,2023-06-06T23:02:11.040Z,"southeast of the Loyalty Islands",earthquake,10.89,1.922,0.112,25,reviewed,us,us
2023-06-06T21:36:06.750Z,45.358666666666664,-121.71266666666666,3.09,2.56,mh,5,185,0.005028,0.09,uw,uw61502613,2023-06-07T19:31:13.328Z,"Washington-Oregon border region",earthquake,1.14,0.59,,0,reviewed,uw,uw
2023-06-06T21:35:15.240Z,45.367,-121.70383333333334,1.35,3.0300000000000002,ml,28,33,0.008512,0.13,uw,uw61930961,2023-06-08T21:39:01.809Z,"8 km NNE of Government Camp, Oregon",earthquake,0.17,0.12,0.2844661982406693,20,reviewed,uw,uw
2023-06-06T21:32:17.910Z,17.8931666666667,-66.879,12.27,2.64,md,17,226,0.08144,0.19,pr,pr71412518,2023-06-06T21:57:15.090Z,"9 km SSE of Guánica, Puerto Rico",earthquake,0.68,0.48,0.0395361873316484,5,reviewed,pr,pr
2023-06-06T20:24:38.189Z,-23.2668,-68.5301,118.831,4.3,mb,26,79,0.45,0.91,us,us7000k6q0,2023-06-07T17:36:24.040Z,"51 km SW of San Pedro de Atacama, Chile",earthquake,8.11,7.065,0.177,12,reviewed,us,us
2023-06-06T18:55:22.166Z,65.9944,-143.446,9,3.1,ml,,,,1,ak,ak02377yf4j8,2023-06-07T16:47:40.040Z,"33 km ENE of Circle, Alaska",earthquake,,0.6,,,automatic,ak,ak
2023-06-06T18:23:15.652Z,15.2057,-60.8788,123.781,4.3,mb,27,157,0.491,0.43,us,us7000k6pa,2023-06-06T19:04:17.040Z,"41 km ESE of La Plaine, Dominica",earthquake,6.51,3.08,0.133,18,reviewed,us,us
2023-06-06T18:06:54.383Z,28.0463,66.4104,1.981,4.2,mb,25,132,6.855,0.71,us,us7000k6p6,2023-06-06T21:39:44.040Z,"32 km NW of Khuzdar, Pakistan",earthquake,9.09,4.474,0.112,23,reviewed,us,us
2023-06-06T17:53:21.330Z,-15.8829,-72.3784,10,4.5,mb,25,133,3.148,0.7,us,us7000k6p0,2023-06-06T18:22:07.040Z,"17 km SSE of Uñon, Peru",earthquake,9.42,1.945,0.127,20,reviewed,us,us
2023-06-06T17:41:52.772Z,-21.3094,-69.9248,51.187,4.5,mb,20,161,0.029,1.11,us,us7000k6nz,2023-06-07T01:54:05.420Z,"Tarapaca-Antofagasta border region, Chile",earthquake,3.62,6.199,0.204,7,reviewed,us,us
2023-06-06T17:26:51.893Z,46.0827,21.3963,5.663,4.7,mwr,86,25,0.494,0.64,us,us7000k6nx,2023-06-10T14:07:58.420Z,"4 km SSE of Fântânele, Romania",earthquake,4.18,4.089,0.078,16,reviewed,us,us
2023-06-06T17:08:03.890Z,36.314,141.8185,31.834,4.5,mb,64,123,2.92,0.59,us,us7000k6nv,2023-06-06T18:39:44.040Z,"108 km ESE of Takahagi, Japan",earthquake,8.11,5.582,0.078,54,reviewed,us,us
2023-06-06T16:25:56.656Z,49.6739,155.6475,83.306,4.4,mb,43,142,3.671,0.54,us,us7000k6nk,2023-06-06T17:13:58.040Z,"116 km SSW of Severo-Kuril’sk, Russia",earthquake,5.47,8.183,0.093,33,reviewed,us,us
2023-06-06T16:23:44.061Z,-23.3419,-66.9992,237.461,4.4,mb,25,109,1.153,0.54,us,us7000k6ni,2023-06-06T16:53:20.040Z,"119 km NW of San Antonio de los Cobres, Argentina",earthquake,6.27,10.945,0.22,6,reviewed,us,us
2023-06-06T16:10:33.655Z,36.2212,142.2919,10,4.7,mb,22,172,3.31,0.62,us,us7000k6nh,2023-06-06T16:37:53.040Z,"142 km ENE of Hasaki, Japan",earthquake,9.83,1.917,0.195,8,reviewed,us,us
2023-06-06T16:06:51.483Z,53.5909,-163.202,19.197,4.7,mb,87,136,1.273,0.7,us,us7000k6n9,2023-06-06T19:14:07.842Z,"141 km S of False Pass, Alaska",earthquake,6.43,3.97,0.041,178,reviewed,us,us
2023-06-06T14:45:56.684Z,53.5992,-162.2114,36.4,2.5,ml,,,,0.56,ak,ak02377vzblg,2023-06-11T08:18:06.219Z,"160 km SSE of False Pass, Alaska",earthquake,,2.8,,,reviewed,ak,ak
2023-06-06T14:17:39.197Z,0.7519,126.4113,35.312,4.7,mb,63,55,0.956,0.85,us,us7000k6m9,2023-06-06T14:46:40.040Z,"",earthquake,7.05,2.058,0.073,57,reviewed,us,us
2023-06-06T13:45:55.479Z,53.104,-167.0977,25.6,2.6,ml,,,,0.55,ak,ak02377vdw1f,2023-06-11T08:18:02.335Z,"93 km SSW of Unalaska, Alaska",earthquake,,1.9,,,reviewed,ak,ak
2023-06-06T13:16:23.017Z,-18.0621,-174.3855,134.256,4.5,mb,29,92,1.754,0.37,us,us7000k6m2,2023-06-06T14:04:44.040Z,"77 km NNW of Neiafu, Tonga",earthquake,6.18,8.441,0.116,22,reviewed,us,us
2023-06-06T13:11:25.304Z,58.2656,-155.1401,2,2.9,ml,,,,0.49,ak,ak02377v6j75,2023-06-11T08:22:16.404Z,"87 km NNW of Karluk, Alaska",earthquake,,0.2,,,reviewed,ak,ak
2023-06-06T13:07:56.199Z,54.6385,-159.8451,13.4,2.5,ml,,,,0.62,ak,ak02377v5ukq,2023-06-11T08:18:01.859Z,"88 km SSE of Sand Point, Alaska",earthquake,,0.7,,,reviewed,ak,ak
2023-06-06T13:02:15.059Z,56.6687,-154.5982,19,2.8,ml,,,,0.7,ak,ak02377v4ley,2023-06-11T08:18:01.421Z,"40 km SW of Akhiok, Alaska",earthquake,,1.9,,,reviewed,ak,ak
2023-06-06T10:59:38.035Z,61.7076,-146.6276,19.6,2.7,ml,,,,0.71,ak,ak02377tojoo,2023-06-11T08:17:59.755Z,"32 km SSE of Nelchina, Alaska",earthquake,,0.5,,,reviewed,ak,ak
2023-06-06T09:11:23.695Z,18.702,-74.2346,10,4.9,mww,123,57,1.466,0.73,us,us7000k6lb,2023-06-06T13:40:31.263Z,"9 km NE of Les Abricots, Haiti",earthquake,8.51,1.883,0.089,12,reviewed,us,us
2023-06-06T08:32:38.716Z,54.1761,-163.6137,57.2,2.9,ml,,,,0.65,ak,ak02377sbwc6,2023-06-11T08:17:58.611Z,"76 km S of False Pass, Alaska",earthquake,,1.4,,,reviewed,ak,ak
2023-06-06T08:31:11.370Z,19.32,-155.818833333333,8.59,2.6,ml,45,110,,0.25,hv,hv73442127,2023-06-06T22:28:00.394Z,"15 km SSE of Honaunau-Napoopoo, Hawaii",earthquake,0.4,0.37,0.144616518376549,33,reviewed,hv,hv
2023-06-06T07:40:41.310Z,18.5553333333333,-67.4628333333333,11.52,2.74,md,8,272,0.1707,0.27,pr,pr71412483,2023-06-06T11:24:26.940Z,"32 km NW of Rincón, Puerto Rico",earthquake,1.62,0.78,0.0477628983365364,5,reviewed,pr,pr
2023-06-06T07:23:06.736Z,-7.6901,107.072,54.028,4.8,mb,41,107,0.616,0.62,us,us7000k6kz,2023-06-06T10:12:36.926Z,"67 km SW of Banjar, Indonesia",earthquake,8.45,7.075,0.088,40,reviewed,us,us
2023-06-06T07:07:56.303Z,37.4152,-117.0927,14.1,2.7,ml,34,115.26,0.367,0.1803,nn,nn00860898,2023-06-07T02:03:42.755Z,"34 km SSE of Goldfield, Nevada",earthquake,,1,0.45,17,reviewed,nn,nn
2023-06-06T05:00:10.246Z,67.7399,-156.5065,9.4,2.5,ml,,,,0.51,ak,ak02377qcocg,2023-06-06T05:04:12.879Z,"northern Alaska",earthquake,,0.3,,,automatic,ak,ak
2023-06-06T03:30:23.776Z,36.8001,-104.8165,14.725,2.9,ml,20,89,0.038,0.94,us,us7000k6k0,2023-06-06T21:00:30.040Z,"33 km NNE of Cimarron, New Mexico",earthquake,3.38,6.118,0.046,62,reviewed,us,us
2023-06-06T03:12:24.373Z,31.60791378,-103.9609962,6.440063477,2.9,ml,16,60,0.09642326847,0.2,tx,tx2023kzgv,2023-06-06T20:56:04.040Z,"35 km WSW of Mentone, Texas",earthquake,1.226890348,2.066176464,0.1,7,reviewed,tx,tx
2023-06-06T02:56:01.400Z,40.485,-124.7696667,15.73,3.5,ml,95,223,0.3298,0.14,nc,nc73897551,2023-06-06T20:49:13.040Z,"44km WSW of Ferndale, CA",earthquake,0.55,0.47,0.226,62,reviewed,nc,nc
2023-06-06T01:33:09.100Z,18.4293333333333,-67.3345,14.05,2.94,md,18,178,0.1444,0.31,pr,pr71412468,2023-06-06T01:53:00.080Z,"13 km NW of Rincón, Puerto Rico",earthquake,0.62,1.15,0.0452476568167715,10,reviewed,pr,pr
2023-06-06T00:12:00.199Z,51.4548,-175.9347,23.7,4.2,ml,,,,0.72,ak,ak02377ng26o,2023-06-06T18:20:15.802Z,"67 km SE of Adak, Alaska",earthquake,,0.4,,,reviewed,ak,ak
2023-06-05T23:24:33.770Z,59.946,-151.7714,49.1,3.3,ml,,,,0.71,ak,ak02376doboy,2023-06-08T20:34:22.040Z,"Kenai Peninsula, Alaska",earthquake,,0.4,,,reviewed,ak,ak
2023-06-05T23:18:38.854Z,57.5687,-155.5792,19.4,2.7,ml,,,,0.87,ak,ak02376dn0ys,2023-06-05T23:44:44.040Z,"67 km W of Karluk, Alaska",earthquake,,0.3,,,automatic,ak,ak
2023-06-05T22:40:16.340Z,33.028,-119.1656,12.499,2.5,ml,26,233,1.404,0.7,us,us7000k6j2,2023-06-06T16:30:28.342Z,"85 km WSW of Avalon, California",earthquake,4.31,6.753,0.049,54,reviewed,us,us
2023-06-05T22:38:49.153Z,32.4829,-104.4388,12.519,3.1,ml,37,76,0.521,0.66,us,us7000k6j1,2023-06-06T12:09:06.650Z,"New Mexico",earthquake,2.82,7.107,0.091,16,reviewed,us,us
2023-06-05T22:02:00.820Z,35.6203333,-117.4431667,8.96,2.57,ml,33,56,0.03715,0.11,ci,ci40479112,2023-06-06T19:07:23.060Z,"17km SSW of Searles Valley, CA",earthquake,0.17,0.31,0.19,24,reviewed,ci,ci
2023-06-05T21:33:57.522Z,-21.4579,-70.0928,79.08,4.4,mb,20,170,0.229,0.73,us,us7000k6ip,2023-06-05T21:54:31.775Z,"71 km N of Tocopilla, Chile",earthquake,5.29,5.162,0.155,12,reviewed,us,us
2023-06-05T20:34:37.830Z,66.0283,-143.5677,0,2.5,ml,,,,0.84,ak,ak02376by6ef,2023-06-06T21:20:10.040Z,"31 km NE of Circle, Alaska",earthquake,,1.7,,,automatic,ak,ak
2023-06-05T18:38:16.978Z,66.0679,-143.5175,11.9,3.4,ml,,,,0.8,ak,ak02376as4hc,2023-06-06T19:38:01.313Z,"36 km NE of Circle, Alaska",earthquake,,0.5,,,reviewed,ak,ak
2023-06-05T18:01:06.169Z,23.1783,-100.1556,10,4.2,mb,78,95,2.259,1.19,us,us7000k6gw,2023-06-05T19:05:53.040Z,"25 km NNW of Lázaro Cárdenas, Mexico",earthquake,7.01,1.894,0.032,276,reviewed,us,us
2023-06-05T17:34:10.657Z,18.4615,145.5893,163.784,4.4,mb,48,99,3.208,0.76,us,us7000k6gp,2023-06-05T18:42:15.040Z,"Pagan region, Northern Mariana Islands",earthquake,12.16,8.767,0.062,75,reviewed,us,us
2023-06-05T16:54:48.937Z,-18.1738,-70.3644,90.248,4.2,mb,12,228,0.197,0.74,us,us7000k6gk,2023-06-05T20:14:26.383Z,"21 km SSW of Tacna, Peru",earthquake,9.06,4.849,0.373,2,reviewed,us,us
2023-06-05T16:40:47.836Z,37.9687,36.587,9.538,4.4,mwr,73,54,0.433,0.53,us,us7000k6ge,2023-06-08T17:24:02.074Z,"Central Turkey",earthquake,5.52,4.561,0.068,21,reviewed,us,us
2023-06-05T15:49:08.807Z,-5.7546,152.1683,10,4.8,mb,32,128,1.553,0.94,us,us7000k6fx,2023-06-05T16:17:13.040Z,"156 km S of Kokopo, Papua New Guinea",earthquake,10.41,1.912,0.068,67,reviewed,us,us
2023-06-05T15:41:40.926Z,-5.6879,151.9926,10,5.2,mww,69,88,1.497,0.99,us,us7000k6fw,2023-06-05T16:09:01.040Z,"151 km SSW of Kokopo, Papua New Guinea",earthquake,7.27,1.864,0.078,16,reviewed,us,us
2023-06-05T13:25:13.946Z,-15.7096,-72.016,10,4.3,mb,23,180,3.067,0.79,us,us7000k6ek,2023-06-05T13:55:53.040Z,"southern Peru",earthquake,7.92,1.969,0.202,7,reviewed,us,us
2023-06-05T13:08:48.458Z,-10.1278,118.6958,30.042,4.7,mb,36,106,1.579,0.69,us,us7000k6eg,2023-06-05T13:44:55.063Z,"97 km SW of Tambolaka, Indonesia",earthquake,6.99,5.124,0.11,25,reviewed,us,us
2023-06-05T12:43:17.051Z,-14.7919,-73.4539,10.029,4.6,mb,18,132,4.317,0.47,us,us7000k6e9,2023-06-05T20:15:26.048Z,"13 km NNW of Upahuacho, Peru",earthquake,5.79,6.483,0.145,14,reviewed,us,us
2023-06-05T12:04:11.783Z,0.9663,126.6095,59.455,4.5,mb,25,77,0.781,0.58,us,us7000k6dz,2023-06-05T12:24:53.040Z,"Molucca Sea",earthquake,8.32,8.822,0.15,13,reviewed,us,us
2023-06-05T11:55:30.389Z,-15.9101,-72.1446,10,5,mb,53,136,2.993,1.08,us,us7000k6du,2023-06-05T20:11:33.522Z,"18 km NW of Lluta, Peru",earthquake,8.85,1.888,0.051,117,reviewed,us,us
2023-06-05T10:25:53.878Z,67.1044,-158.6727,0,3.2,ml,,,,0.7,ak,ak023765xy44,2023-06-05T10:34:34.040Z,"northern Alaska",earthquake,,298.8,,,automatic,ak,ak
2023-06-05T09:44:44.080Z,19.6218,-65.7411,94,3.75,md,7,246,1.3899,0.4,pr,pr2023156000,2023-06-05T10:43:55.364Z,"132 km N of Suárez, Puerto Rico",earthquake,5.26,10.34,0.09,5,reviewed,pr,pr
2023-06-05T09:41:35.010Z,-15.1165,-173.5061,10,4.7,mb,42,109,2.975,0.36,us,us7000k6df,2023-06-05T10:07:07.040Z,"Tonga",earthquake,10.26,1.882,0.056,98,reviewed,us,us
2023-06-05T07:20:38.529Z,21.8604,-76.3359,10,4.2,mb,89,101,1.808,0.78,us,us7000k6d4,2023-06-05T08:16:31.040Z,"Cuba region",earthquake,3.77,1.859,0.05,117,reviewed,us,us
2023-06-05T05:24:26.142Z,-24.0925,-67.2204,205.018,4,mb,17,89,1.436,0.54,us,us7000k6ck,2023-06-05T15:56:28.040Z,"92 km W of San Antonio de los Cobres, Argentina",earthquake,6.02,11.107,0.233,5,reviewed,us,us
2023-06-05T04:16:14.973Z,28.5183,-88.029,5,3.3,ml,50,131,2.775,0.75,us,us7000k6cb,2023-06-06T12:53:08.526Z,"Gulf of Mexico",earthquake,8.47,2.003,0.077,22,reviewed,us,us
2023-06-05T02:45:58.419Z,-62.3246,155.4265,10,5.8,mww,56,102,15.408,0.62,us,us7000k6bx,2023-06-06T02:50:29.972Z,"Balleny Islands region",earthquake,12.5,1.882,0.073,18,reviewed,us,us
2023-06-05T02:35:06.224Z,38.4606,142.3542,39.148,4.4,mb,62,133,2.53,0.85,us,us7000k6bw,2023-06-05T03:16:51.040Z,"79 km E of Onagawa Chō, Japan",earthquake,7.73,7.545,0.083,42,reviewed,us,us
2023-06-05T02:09:45.108Z,12.7887,95.5011,10,4.6,mb,35,105,3.865,1.05,us,us7000k6bt,2023-06-05T13:23:29.565Z,"Andaman Islands, India region",earthquake,10.01,1.922,0.105,27,reviewed,us,us
2023-06-05T01:43:55.803Z,12.6644,47.9116,10,4.6,mb,90,96,5.08,0.91,us,us7000k6bp,2023-06-05T02:04:04.040Z,"169 km N of Las Khorey, Somalia",earthquake,8.29,1.887,0.061,80,reviewed,us,us
2023-06-05T01:12:27.330Z,13.6491,144.8872,138.689,4.5,mb,43,85,1.807,0.6,us,us7000k6bk,2023-06-05T12:11:36.980Z,"Guam region",earthquake,6.99,7.896,0.057,91,reviewed,us,us
2023-06-05T00:53:05.287Z,-56.7408,147.3819,10,4.6,mb,23,92,6.921,0.45,us,us7000k6bg,2023-06-05T21:57:00.040Z,"west of Macquarie Island",earthquake,12.35,1.939,0.122,20,reviewed,us,us
2023-06-05T00:37:53.717Z,-56.7149,147.6197,10,5.3,mww,75,48,13.821,0.65,us,us7000k6bc,2023-06-05T22:00:09.040Z,"west of Macquarie Island",earthquake,11.57,1.769,0.093,11,reviewed,us,us
2023-06-05T00:26:38.200Z,18.6993333333333,-64.9838333333333,20.18,3.42,md,17,247,0.3461,0.14,pr,pr71412378,2023-06-05T00:41:49.970Z,"39 km N of Charlotte Amalie, U.S. Virgin Islands",earthquake,0.71,12.35,0.123864357388862,6,reviewed,pr,pr
2023-06-04T23:16:09.250Z,19.6966,-65.7298,16,3.76,md,11,250,1.4319,0.37,pr,pr2023155001,2023-06-04T23:42:08.293Z,"140 km N of Suárez, Puerto Rico",earthquake,2.5,6.19,0.04,6,reviewed,pr,pr
2023-06-04T23:12:20.920Z,18.843,-67.3251666666667,9.88,3.35,md,13,278,0.3861,0.21,pr,pr71412353,2023-06-04T23:24:09.490Z,"45 km NNW of San Antonio, Puerto Rico",earthquake,0.8,0.44,0.0740890665816987,7,reviewed,pr,pr
2023-06-04T22:34:42.520Z,19.1518333333333,-65.3295,24.63,3.23,md,11,266,0.8411,0.22,pr,pr71412343,2023-06-04T23:01:52.840Z,"94 km N of Culebra, Puerto Rico",earthquake,1.22,18.28,0.09269124653335,6,reviewed,pr,pr
2023-06-04T22:10:32.071Z,25.1861,128.2995,10,5.1,mb,75,67,1.643,0.37,us,us7000k6at,2023-06-05T21:28:04.040Z,"121 km SSE of Itoman, Japan",earthquake,7.21,1.854,0.04,207,reviewed,us,us
2023-06-04T21:46:33.495Z,-20.6881,-68.9224,108.084,4.2,mb,24,53,0.586,0.36,us,us7000k6aq,2023-06-05T21:15:06.040Z,"85 km ESE of La Tirana, Chile",earthquake,3.48,7.789,0.199,7,reviewed,us,us
2023-06-04T20:39:08.812Z,38.316,93.6793,10,4.4,mb,51,72,8.339,0.8,us,us7000k6al,2023-06-04T21:01:57.040Z,"222 km SSW of Dunhuang, China",earthquake,7.84,1.86,0.078,47,reviewed,us,us
2023-06-04T20:06:28.641Z,18.6359,-74.2673,10,4.1,mb,28,73,1.511,0.88,us,us7000k6ag,2023-06-04T20:41:22.206Z,"Haiti region",earthquake,3.99,1.964,0.214,6,reviewed,us,us
2023-06-04T18:47:06.448Z,59.5519,-152.9668,91.1,2.5,ml,,,,0.77,ak,ak02374naoji,2023-06-09T16:34:12.247Z,"63 km WNW of Nanwalek, Alaska",earthquake,,0.3,,,reviewed,ak,ak
2023-06-04T18:09:02.400Z,-20.4953,-69.2453,113.72,4.1,mb,10,118,0.363,0.34,us,us7000k6a1,2023-06-04T18:41:21.480Z,"Tarapaca, Chile",earthquake,4.68,6.075,0.37,2,reviewed,us,us
2023-06-04T17:37:03.623Z,51.1463,-179.1925,33.7,2.8,ml,,,,0.53,ak,ak02374mn3lm,2023-06-09T16:34:16.139Z,"195 km WSW of Adak, Alaska",other event,,3,,,reviewed,ak,ak
2023-06-04T17:27:05.637Z,51.4986,-176.8017,18,3.4,ml,,,,0.44,ak,ak02374mkyp7,2023-06-09T16:34:11.859Z,"43 km SSW of Adak, Alaska",earthquake,,0.7,,,reviewed,ak,ak
2023-06-04T16:41:44.370Z,34.239,-119.7366667,-0.05,3.08,ml,40,122,0.1945,0.27,ci,ci40478144,2023-06-06T04:33:54.764Z,"21km S of Santa Barbara, CA",earthquake,0.34,0.71,0.146,50,reviewed,ci,ci
2023-06-04T15:35:28.099Z,56.3515,-157.5922,86.3,2.8,ml,,,,0.72,ak,ak02374lfutm,2023-06-09T15:40:47.042Z,"50 km E of Chignik, Alaska",earthquake,,0.9,,,reviewed,ak,ak
2023-06-04T14:55:27.359Z,1.69,125.6619,104.191,4.9,mb,85,75,1.933,0.88,us,us7000k69i,2023-06-04T15:15:39.040Z,"65 km ENE of Bitung, Indonesia",earthquake,5.56,6.563,0.065,73,reviewed,us,us
2023-06-04T13:59:13.727Z,37.2204,142.2909,35,4.5,mb,46,138,3.342,0.93,us,us7000k69f,2023-06-04T14:44:13.040Z,"off the east coast of Honshu, Japan",earthquake,7.89,1.902,0.096,32,reviewed,us,us
2023-06-04T13:55:24.062Z,38.4213,-96.8457,4.02,3.2,mb_lg,35,94,0.703,0.32,us,us7000k69b,2023-06-05T23:53:26.714Z,"12 km SE of Lincolnville, Kansas",earthquake,2.29,7.854,0.041,158,reviewed,us,us
2023-06-04T13:48:41.191Z,-8.2787,107.8668,42.908,4.4,mb,22,121,0.839,0.77,us,us7000k69c,2023-06-04T14:26:00.040Z,"106 km SSW of Singaparna, Indonesia",earthquake,9.5,8.817,0.13,17,reviewed,us,us
2023-06-04T13:11:10.820Z,19.0515,-64.9716666666667,24.61,3.35,md,19,270,0.6955,0.12,pr,pr71412313,2023-06-04T13:51:41.040Z,"Virgin Islands",earthquake,0.78,9.66,0.0871221512656759,10,reviewed,pr,pr
2023-06-04T12:48:13.940Z,19.7468333333333,-65.7181666666667,38.19,3.44,md,9,307,1.471,0.24,pr,pr71412303,2023-06-04T13:17:08.390Z,"Puerto Rico region",earthquake,2.34,17.25,0.0286937082542891,5,reviewed,pr,pr
2023-06-04T12:14:22.509Z,-25.1558,179.7521,490.621,4.6,mb,48,54,4.585,0.54,us,us7000k691,2023-06-04T12:33:28.040Z,"south of the Fiji Islands",earthquake,12.49,8.016,0.036,238,reviewed,us,us
2023-06-04T11:38:17.342Z,-2.2634,138.5162,33.343,4,mb,16,72,2.199,0.34,us,us7000k7f6,2023-06-11T07:07:56.040Z,"238 km W of Abepura, Indonesia",earthquake,7.86,5.082,0.156,11,reviewed,us,us
2023-06-04T11:27:25.487Z,-4.9998,151.4003,124.549,4.2,mb,24,66,1.106,0.38,us,us7000k695,2023-06-05T05:08:34.040Z,"120 km SW of Kokopo, Papua New Guinea",earthquake,9.71,7.356,0.136,15,reviewed,us,us
2023-06-04T10:59:24.798Z,-5.249,146.6295,134.926,4,mb,19,149,4.162,0.29,us,us7000k7f5,2023-06-11T07:01:09.040Z,"93 km E of Madang, Papua New Guinea",earthquake,13.14,8.817,0.15,12,reviewed,us,us
2023-06-04T10:57:13.829Z,55.0116,-159.9633,38.168,3.2,ml,32,203,0.449,0.81,us,us7000k7fx,2023-06-11T07:18:28.040Z,"49 km SE of Sand Point, Alaska",earthquake,6.01,12.384,0.091,16,reviewed,us,us
2023-06-04T10:17:37.319Z,53.3069,-165.4379,35,2.8,ml,21,209,0.841,0.76,us,us7000k7fw,2023-06-11T07:14:18.040Z,"94 km SSE of Akutan, Alaska",earthquake,4.78,2.016,0.097,14,reviewed,us,us
2023-06-04T10:15:26.085Z,0.4379,120.2208,560.69,4.4,mb,33,96,0.873,0.47,us,us7000k68i,2023-06-04T10:29:11.040Z,"Minahasa, Sulawesi, Indonesia",earthquake,13.12,10.044,0.114,22,reviewed,us,us
2023-06-04T10:09:35.150Z,35.5796666666667,-82.8723333333333,0.1,3.24,md,28,43,0.102,0.3,se,se60500788,2023-06-08T21:20:06.483Z,"4 km NNW of West Canton, North Carolina",earthquake,0.52,1.93,0.0542955152368947,21,reviewed,se,se
2023-06-04T09:34:35.573Z,53.552,-163.3326,35,3.2,ml,31,220,1.196,0.31,us,us7000k7fv,2023-06-11T07:11:24.040Z,"Unimak Island region, Alaska",earthquake,3.6,1.991,0.097,14,reviewed,us,us
2023-06-04T08:45:02.714Z,-23.0536,-70.2456,35,4.2,mb,11,184,0.711,0.24,us,us7000k689,2023-06-04T09:07:34.040Z,"21 km ENE of Mejillones, Chile",earthquake,5.87,1.999,0.216,6,reviewed,us,us
2023-06-04T08:34:55.779Z,58.251,-155.1524,3.1,3,ml,,,,0.77,ak,ak02374h9nlh,2023-06-09T15:40:40.427Z,"86 km NNW of Karluk, Alaska",earthquake,,0.2,,,reviewed,ak,ak
2023-06-04T07:50:46.040Z,52.0671,-174.4172,8,2.6,ml,,,,0.43,ak,ak02374grn4s,2023-06-09T00:43:41.622Z,"Andreanof Islands, Aleutian Islands, Alaska",earthquake,,2.7,,,reviewed,ak,ak
2023-06-04T07:39:41.980Z,40.236,-121.1611667,6.28,2.52,md,36,42,0.0168,0.17,nc,nc73896781,2023-06-06T09:42:13.322Z,"2km NNE of Almanor, CA",earthquake,0.3,0.39,0.15,54,reviewed,nc,nc
2023-06-04T07:31:07.600Z,19.5195,-65.7108,102,3.89,md,9,280,1.2665,0.32,pr,pr2023155000,2023-06-04T08:12:49.270Z,"Puerto Rico region",earthquake,4.4,7.57,0.04,6,reviewed,pr,pr
2023-06-04T07:30:42.933Z,-28.4172,-70.8739,67.643,4.1,mb,28,123,0.276,0.92,us,us7000k67y,2023-06-04T08:14:26.040Z,"20 km NNW of Vallenar, Chile",earthquake,5.97,6.059,0.197,7,reviewed,us,us
2023-06-04T07:13:18.303Z,12.6175,48.0078,10,4.6,mb,39,224,5.163,0.56,us,us7000k67w,2023-06-04T08:26:13.040Z,"162 km N of Las Khorey, Somalia",earthquake,14.32,2.003,0.095,33,reviewed,us,us
2023-06-04T07:03:10.480Z,40.2355,-121.1573333,6.84,2.91,md,38,42,0.01523,0.17,nc,nc73896771,2023-06-06T09:25:12.352Z,"3km NE of Almanor, CA",earthquake,0.27,0.37,0.118,82,reviewed,nc,nc
2023-06-04T06:19:37.630Z,18.2091666666667,-68.0196666666667,98.65,3.32,md,11,327,0.5423,0.2,pr,pr71412263,2023-06-04T06:39:49.080Z,"Mona Passage",earthquake,1.93,1.47,0.0592172298041103,7,reviewed,pr,pr
2023-06-04T06:05:25.975Z,-23.5529,-67.7469,118.936,4.7,mwr,72,50,0.718,1.48,us,us7000k67l,2023-06-04T06:28:37.040Z,"84 km SSE of San Pedro de Atacama, Chile",earthquake,4.23,6.679,,,reviewed,us,guc
2023-06-04T05:52:03.710Z,-3.0459,137.3141,48.84,5,mb,76,50,3.426,0.79,us,us7000k67k,2023-06-04T06:12:44.040Z,"204 km E of Nabire, Indonesia",earthquake,7.58,6.755,0.046,152,reviewed,us,us
2023-06-04T05:13:39.213Z,58.0473,-153.1053,53.9,2.5,ml,,,,0.4,ak,ak02374fctwa,2023-06-09T00:43:40.470Z,"11 km W of Aleneva, Alaska",earthquake,,0.9,,,reviewed,ak,ak
2023-06-04T05:07:34.160Z,36.0421667,-117.7775,1.87,2.53,ml,28,105,0.01962,0.14,ci,ci40477640,2023-06-07T16:23:15.252Z,"15km E of Coso Junction, CA",earthquake,0.18,0.22,0.122,54,reviewed,ci,ci
2023-06-04T04:54:49.893Z,61.4476,-151.5795,72.3,2.5,ml,,,,0.55,ak,ak02374f07fg,2023-06-09T00:43:40.163Z,"43 km NW of Beluga, Alaska",earthquake,,0.3,,,reviewed,ak,ak
2023-06-04T04:51:11.751Z,34.1007,46.4222,10,4.5,mb,76,145,1.711,0.52,us,us7000k67c,2023-06-04T05:52:48.289Z,"western Iran",earthquake,8.49,1.901,0.071,58,reviewed,us,us
2023-06-04T04:43:02.890Z,33.1406667,-116.5265,7.72,3.16,ml,114,15,0.0974,0.19,ci,ci40477624,2023-06-09T05:29:35.212Z,"10km NE of Julian, CA",earthquake,0.11,0.61,0.153,128,reviewed,ci,ci
2023-06-04T04:14:47.625Z,14.5405,39.8911,10,4.7,mb,62,78,4.153,0.5,us,us7000k679,2023-06-06T07:38:32.733Z,"54 km ENE of Ādīgrat, Ethiopia",earthquake,11.15,1.88,0.065,73,reviewed,us,us
2023-06-04T03:32:24.218Z,53.4702,-179.2084,25.7,3.5,ml,,,,0.54,ak,ak02374ea04e,2023-06-09T00:43:39.561Z,"248 km NW of Adak, Alaska",earthquake,,2.4,,,reviewed,ak,ak
2023-06-04T03:32:23.249Z,52.3945,-179.318,203.196,3.9,mb,29,114,0.769,0.85,us,us7000k79s,2023-06-10T22:16:29.040Z,"192 km WNW of Adak, Alaska",earthquake,6.2,6.973,0.182,8,reviewed,us,us
2023-06-04T03:27:21.128Z,8.8554,126.261,64.397,4.5,mb,20,96,1.898,0.6,us,us7000k7ey,2023-06-10T22:09:41.040Z,"Mindanao, Philippines",earthquake,11.27,7.906,0.135,18,reviewed,us,us
2023-06-04T03:16:57.335Z,-15.2616,-173.0868,35,5.3,mb,72,67,2.641,1.28,us,us7000k676,2023-06-04T03:36:34.040Z,"107 km NE of Hihifo, Tonga",earthquake,7.44,1.889,0.027,452,reviewed,us,us
2023-06-04T02:41:54.910Z,18.104,-66.0738333333333,66.01,2.81,md,12,119,0.07262,0.21,pr,pr71412253,2023-06-04T18:02:32.889Z,"4 km SE of G. L. Garcia, Puerto Rico",earthquake,1.14,0.97,0.14489876920458,9,reviewed,pr,pr
2023-06-04T02:09:52.903Z,16.0055,144.979,10,4.5,mb,37,82,1.09,0.63,us,us7000k7ex,2023-06-10T21:36:29.040Z,"120 km NW of Saipan, Northern Mariana Islands",earthquake,8.93,1.881,0.119,22,reviewed,us,us
2023-06-04T01:58:33.391Z,35.7578,140.0571,76.026,4.8,mwr,77,132,1.688,0.77,us,us7000k66v,2023-06-08T15:06:30.347Z,"4 km S of Shiroi, Japan",earthquake,3.65,7.045,0.071,19,reviewed,us,us
2023-06-04T01:46:31.066Z,23.0367,143.0649,61.256,4.6,mb,54,70,10.442,0.82,us,us7000k66t,2023-06-04T02:20:10.056Z,"Volcano Islands, Japan region",earthquake,9.2,7.247,0.071,60,reviewed,us,us
2023-06-04T01:32:18.778Z,64.3081,-153.4144,8.7,2.5,ml,,,,0.5,ak,ak02374d34hy,2023-06-09T00:43:37.566Z,"Central Alaska",earthquake,,0.3,,,reviewed,ak,ak
2023-06-04T01:25:04.448Z,-15.1713,-72.9552,9.639,4,mb,17,151,4.048,0.26,us,us7000k66p,2023-06-04T05:28:52.241Z,"5 km WNW of Mungui, Peru",earthquake,8.86,5.29,0.367,2,reviewed,us,us
2023-06-04T01:16:12.121Z,53.5698,-176.8604,10,2.9,ml,16,258,1.556,0.64,us,us7000k79r,2023-06-10T21:19:14.040Z,"189 km N of Adak, Alaska",earthquake,7.46,2.02,0.105,12,reviewed,us,us
2023-06-04T00:54:50.509Z,53.592,-163.51,11.646,4.6,mwr,103,94,1.152,0.54,us,us7000k66h,2023-06-09T00:43:37.066Z,"Unimak Island region, Alaska",earthquake,6.45,4.522,0.052,35,reviewed,us,us
2023-06-04T00:41:59.548Z,51.9293,-177.3072,94.4,3.3,ml,,,,0.68,ak,ak02374cjsmd,2023-06-09T00:43:36.635Z,"Andreanof Islands, Aleutian Islands, Alaska",earthquake,,0.4,,,reviewed,ak,ak
2023-06-04T00:25:10.097Z,-6.8228,130.3742,113.513,5.2,mww,101,31,2.333,0.55,us,us7000k66c,2023-06-05T00:28:19.903Z,"294 km WSW of Tual, Indonesia",earthquake,7.7,5.352,0.093,11,reviewed,us,us
2023-06-04T00:20:54.829Z,39.6129,-119.9698,7.1,2.9,ml,35,67.68,0.009,0.1645,nn,nn00860806,2023-06-04T12:43:18.832Z,"7 km S of Cold Springs, Nevada",earthquake,,0.7,0.27,7,reviewed,nn,nn
